"RelativePath","SizeBytes","LastWriteTime"
"golden_thread_r2_architecture.md","85262","7/18/2026 2:30:36 PM"
"golden_thread_r2_architecture_v3_1.md","32010","7/18/2026 2:42:53 PM"
"golden_thread_r2_architecture_v3_2_review_source.md","46611","7/18/2026 6:16:40 PM"
"golden_thread_r2_architecture_v3_3.md","24727","7/18/2026 6:09:51 PM"
"RM01B-PHASE1A-RECOVERY-R0-RED-20260723-105749\00-R0-REPORT.md","2395","7/23/2026 11:46:17 AM"
"RM01B-PHASE1A-RECOVERY-R0-RED-20260723-105749\02-RED-RUNBOOK.md","2926","7/23/2026 11:46:17 AM"
"RM01B-PHASE1A-RECOVERY-R0-RED-REV1-20260723\00-R0-REPORT.md","2395","7/23/2026 11:46:17 AM"
"RM01B-PHASE1A-RECOVERY-R0-RED-REV1-20260723\02-RED-RUNBOOK.md","2926","7/23/2026 11:46:17 AM"
"RM01B-PHASE1A-RECOVERY-R0-RED-REV2-20260723\00-R0-REPORT.md","2395","7/23/2026 11:46:17 AM"
"RM01B-PHASE1A-RECOVERY-R0-RED-REV2-20260723\02-RED-RUNBOOK.md","2926","7/23/2026 11:46:17 AM"
"RM01B-PHASE1A-RECOVERY-R0-RED-REV2-20260723\04-REV2-ADDENDUM.md","5121","7/23/2026 12:54:50 PM"
